{
  "step_auroc": 0.8220970266040689,
  "step_auprc": 0.3368824982828706,
  "episode_auroc": 0.5625,
  "episode_auprc": 0.8338789682539682
}